{
    "aruco_dict": "DICT_4X4_50",
    "aruco_tags": [
        {
            "id": 8,
            "size": 0.06,
            "xyz": [
                0.0,
                0.03,
                0.0
            ],
            "rot_vec": [
                -1.3602405923005078e-16,
                2.221441469079183,
                2.2214414690791835
            ],
            "is_gripper": false
        },
        {
            "id": 9,
            "size": 0.06,
            "xyz": [
                0.0,
                0.0,
                -0.03
            ],
            "rot_vec": [
                0.0,
                3.141592653589793,
                0.0
            ],
            "is_gripper": false
        },
        {
            "id": 0,
            "size": 0.02,
            "is_gripper": true
        },
        {
            "id": 1,
            "size": 0.02,
            "is_gripper": true
        }
    ]
}